发生日期,基金编号,基金名称,证券代码,证券名称,委托方向,成交数量,成交金额,成交次数,成交均价,成交最低价,成交最高价,市场成交均价,最新价,数量成交比例(%),持仓,市场成交金额,成交均价(全价),交易市场,市场成交数量,组合编号,组合名称,委托数量,市场最高价,市场最低价,委托次数,交易员,资产类别,涨跌幅(%),金额成交比例(%),价格差额比例(%),指令数量,资产单元序号,资产单元名称,币种,交易席位,投资类型,资产单元编号,股东代码,成交量占昨日持仓量(%),指令下达人,本币币种,本币成交金额,指令操作级别,账户组类型,账户组,成交金额占净值(%),券商编号,券商名称,业务分类
2012-10-29,1,德邦优化配置,204001,   GC001,融券回购,3000000,300000000,82,6.277885,5.06,7,100,3.555,0.1915,0,1.56628E+11,6.277885,上交所A,1566277000,10000000,缺省组合,3902000,8.33,3.415,56,混合,非资产,-48.8489,0.1915,93.7221,3000000,1,缺省单元,人民币,24978,可交易,1,N/A,0,白仲光-基金经理,人民币,300000000,无, , ,92.6558,,,交易所业务
2012-10-31,1,德邦优化配置,110011,歌华转债,债券买入,50000,4668499.8,38,93.369996,93.26,93.48,93.37,93.39,96.7118,50000,4827015,93.369996,上交所A,51700,10000000,缺省组合,50000,93.48,93.1,18,季慧娟,债券资产,0.0857,96.7161,-0.0044,50000,1,缺省单元,人民币,24978,可交易,1,N/A,0,白仲光-基金经理,人民币,4668499.8,无, , ,2.4686,,,交易所业务
2012-10-31,1,德邦优化配置,110015,石化转债,债券买入,50000,4887914.4,19,97.758288,97.51,97.77,97.65,97.68,10.9922,50000,44416173,97.758288,上交所A,454870,10000000,缺省组合,50000,97.77,97.49,8,季慧娟,债券资产,0.0102,11.0048,-0.1151,50000,1,缺省单元,人民币,24978,可交易,1,N/A,0,白仲光-基金经理,人民币,4887914.4,无, , ,2.5847,,,交易所业务
2012-10-31,1,德邦优化配置,110018,国电转债,债券买入,30510,3204565.5,13,105.0332842,105,105.1,105.19,105.3,11.9068,30510,26953440,105.0332842,上交所A,256240,10000000,缺省组合,37000,105.34,104,17,季慧娟,债券资产,0.2857,11.8893,0.1474,50000,1,缺省单元,人民币,24978,可交易,1,N/A,0,白仲光-基金经理,人民币,3204565.5,无, , ,1.6945,,,交易所业务
2012-10-31,1,德邦优化配置,113003,重工转债,债券买入,30000,3054344.7,9,101.81149,101.75,101.94,101.83,101.81,8.6242,30000,35423892,101.81149,上交所A,347860,10000000,缺省组合,30000,102.15,101.7,10,季慧娟,债券资产,-0.1275,8.6223,0.0219,30000,1,缺省单元,人民币,24978,可交易,1,N/A,0,白仲光-基金经理,人民币,3054344.7,无, , ,1.6151,,,交易所业务
2012-10-31,1,德邦优化配置,122093,11中孚债,债券买入,50000,5050000,1,101,101,101,100.95,100.9,14.7349,50000,34253719,102.28,上交所A,339330,10000000,缺省组合,50000,101.03,100.88,2,罗韵峰,债券资产,-0.0693,14.7429,-0.0543,50000,1,缺省单元,人民币,24978,可交易,1,N/A,0,白仲光-基金经理,人民币,5050000,无, , ,2.6704,,,交易所业务
2012-10-31,1,德邦优化配置,122181,12山鹰债,债券买入,30000,3048714.6,46,101.62382,101.54,101.74,101.6,101.58,78.6988,30000,3872865,103.0827241,上交所A,38120,10000000,缺省组合,30000,101.76,101.02,5,罗韵峰,债券资产,0.138,78.7199,-0.0267,30000,1,缺省单元,人民币,24978,可交易,1,N/A,0,白仲光-基金经理,人民币,3048714.6,无, , ,1.6121,,,交易所业务
2012-10-31,1,德邦优化配置,122601,12白山债,债券买入,50000,5064126,51,101.28252,101.17,101.44,101.26,101.42,47.5511,50000,10647843,103.0660816,上交所A,105150,10000000,缺省组合,50000,101.44,101.12,37,季慧娟,债券资产,0.2669,47.5601,-0.0189,50000,1,缺省单元,人民币,24978,可交易,1,N/A,0,白仲光-基金经理,人民币,5064126,无, , ,2.6778,,,交易所业务
2012-10-31,1,德邦优化配置,122643,12海资债,债券买入,30000,3149043.6,25,104.96812,104.82,105,104.94,105,28.2752,30000,11134237,108.7684762,上交所A,106100,10000000,缺省组合,30000,105,104.7,2,罗韵峰,债券资产,0.2387,28.2825,-0.0258,30000,1,缺省单元,人民币,24978,可交易,1,N/A,0,白仲光-基金经理,人民币,3149043.6,无, , ,1.6652,,,交易所业务
2012-10-31,1,德邦优化配置,122694,12兴荣债,债券买入,30000,3189670.6,14,106.3223533,106.24,106.35,106.2,106.19,23.9196,30000,13320151,110.806189,上交所A,125420,10000000,缺省组合,30000,106.35,105.9,2,罗韵峰,债券资产,0.0754,23.9462,-0.1111,30000,1,缺省单元,人民币,24978,可交易,1,N/A,0,白仲光-基金经理,人民币,3189670.6,无, , ,1.6867,,,交易所业务
2012-10-31,1,德邦优化配置,122757,11丹东债,债券买入,50000,5126802.5,71,102.53605,102.41,102.6,102.54,102.57,30.1477,50000,17005848,109.906187,上交所A,165850,10000000,缺省组合,50000,102.6,102.35,26,季慧娟,债券资产,0.1856,30.1473,0.0014,50000,1,缺省单元,人民币,24978,可交易,1,N/A,0,白仲光-基金经理,人民币,5126802.5,无, , ,2.7110,,,交易所业务
2012-10-31,1,德邦优化配置,122875,10红投02,债券买入,30000,3044634.2,23,101.4878067,101.25,101.5,101.48,101.24,90.063,30000,3380133,107.714245,上交所A,33310,10000000,缺省组合,30000,101.5,100.28,6,罗韵峰,债券资产,0,90.0744,-0.0126,30000,1,缺省单元,人民币,24978,可交易,1,N/A,0,白仲光-基金经理,人民币,3044634.2,无, , ,1.6100,,,交易所业务
2012-10-31,1,德邦优化配置,122883,10楚雄债,债券买入,50000,4873070.1,55,97.461402,97.32,97.47,97.47,97.6,30.4544,50000,16002878,97.69460748,上交所A,164180,10000000,缺省组合,50000,97.6,97.22,4,罗韵峰,债券资产,0.3702,30.4512,0.0104,50000,1,缺省单元,人民币,24978,可交易,1,N/A,0,白仲光-基金经理,人民币,4873070.1,无, , ,2.5768,,,交易所业务
2012-10-31,1,德邦优化配置,122890,10凯迪债,债券买入,30000,2878032.8,55,95.93442667,95.85,95.99,95.94,96.02,28.5578,30000,10078944,97.1081253,上交所A,105050,10000000,缺省组合,30000,96.03,95.8,7,罗韵峰,债券资产,0.3029,28.5549,0.0103,30000,1,缺省单元,人民币,24978,可交易,1,N/A,0,白仲光-基金经理,人民币,2878032.8,无, , ,1.5219,,,交易所业务
2012-11-06,1,德邦优化配置,600036,招商银行,买入,100000,1027970.35,27,10.2797035,10.27,10.29,10.32,10.38,0.3904,100000,264401793,10.2797035,上交所A,25616913,10000000,缺省组合,100000,10.47,10.22,2,罗韵峰,股票资产,-0.3839,0.3888,0.404,100000,1,缺省单元,人民币,24978,可交易,1,N/A,0,白仲光-基金经理,人民币,1027970.35,无, , ,0.6500,,,交易所业务
2012-11-06,1,德邦优化配置,600563,法拉电子,买入,6700,92125,1,13.75,13.75,13.75,13.8,13.9,0.5671,6700,16304535,13.75,上交所A,1181508,10000000,缺省组合,50000,14.06,13.63,6,罗韵峰,股票资产,-0.8559,0.565,0.3609,50000,1,缺省单元,人民币,24978,可交易,1,N/A,0,白仲光-基金经理,人民币,92125,无, , ,0.0582,,,交易所业务
2012-11-06,1,德邦优化配置,600637,百视通,买入,11100,174603,4,15.73,15.73,15.73,15.88,16,0.263,11100,67009464,15.73,上交所A,4220242,10000000,缺省组合,50000,16.06,15.7,1,罗韵峰,股票资产,0.2506,0.2606,0.9327,50000,1,缺省单元,人民币,24978,可交易,1,N/A,0,白仲光-基金经理,人民币,174603,无, , ,0.1104,,,交易所业务
2012-11-06,1,德邦优化配置,600823,世茂股份,买入,100000,994982,8,9.94982,9.94,9.95,9.93,10,2.0599,100000,48214672,9.94982,上交所A,4854623,10000000,缺省组合,100000,10.11,9.82,2,罗韵峰,股票资产,-1.4778,2.0636,-0.1822,100000,1,缺省单元,人民币,24978,可交易,1,N/A,0,白仲光-基金经理,人民币,994982,无, , ,0.6291,,,交易所业务
2012-11-06,1,德邦优化配置,600900,长江电力,买入,200000,1296000,113,6.48,6.48,6.48,6.5,6.5,1.9776,200100,65687124,6.48,上交所A,10113278,10000000,缺省组合,200000,6.57,6.45,1,罗韵峰,股票资产,-0.6116,1.973,0.2325,200000,1,缺省单元,人民币,24978,可交易,1,N/A,200000,白仲光-基金经理,人民币,1296000,无, , ,0.8194,,,交易所业务
2012-11-06,1,德邦优化配置,601166,兴业银行,买入,100000,1261000,10,12.61,12.61,12.61,12.67,12.71,0.2253,100000,562176070,12.61,上交所A,44384966,10000000,缺省组合,100000,12.82,12.58,2,高继萍-交易员,股票资产,-0.7806,0.2243,0.4413,100000,1,缺省单元,人民币,24978,可交易,1,N/A,0,白仲光-基金经理,人民币,1261000,无, , ,0.7973,,,交易所业务
2012-11-06,1,德邦优化配置,601169,北京银行,买入,150000,1077500,33,7.183333333,7.18,7.19,7.21,7.27,0.6636,150000,163011121,7.183333333,上交所A,22603334,10000000,缺省组合,150000,7.28,7.13,3,高继萍-交易员,股票资产,0,0.661,0.3952,150000,1,缺省单元,人民币,24978,可交易,1,N/A,0,白仲光-基金经理,人民币,1077500,无, , ,0.6813,,,交易所业务
2012-11-06,1,德邦优化配置,601718,际华集团,买入,83777,251331,45,3,3,3,3.02,3.03,1.003,83777,25207051,3,上交所A,8352746,10000000,缺省组合,300000,3.07,2.99,3,罗韵峰,股票资产,-0.9804,0.9971,0.5898,300000,1,缺省单元,人民币,24978,可交易,1,N/A,0,白仲光-基金经理,人民币,251331,无, , ,0.1589,,,交易所业务
2012-11-06,1,德邦优化配置,000046,泛海建设,买入,31221,122074.11,12,3.91,3.91,3.91,3.94,3.95,0.4153,31221,29641544.51,3.91,深交所A,7518313,10000000,缺省组合,200000,4.05,3.89,4,高继萍-交易员,股票资产,-2.7094,0.4118,0.8269,200000,1,缺省单元,人民币,391852,可交易,1,N/A,0,白仲光-基金经理,人民币,122074.11,无, , ,0.0772,,,交易所业务
2012-11-06,1,德邦优化配置,000069,华侨城A,买入,200000,1184000,28,5.92,5.92,5.92,5.96,5.99,1.0741,200000,110902073.6,5.92,深交所A,18620159,10000000,缺省组合,200000,6.05,5.9,1,罗韵峰,股票资产,-1.1551,1.0676,0.6044,200000,1,缺省单元,人民币,391852,可交易,1,N/A,0,白仲光-基金经理,人民币,1184000,无, , ,0.7486,,,交易所业务
2012-11-06,1,德邦优化配置,000402,金融街,买入,100000,597800,12,5.978,5.97,5.99,5.99,6.03,0.66,100000,90697114.49,5.978,深交所A,15151235,10000000,缺省组合,100000,6.06,5.92,3,罗韵峰,股票资产,-0.1656,0.6591,0.1353,100000,1,缺省单元,人民币,391852,可交易,1,N/A,0,白仲光-基金经理,人民币,597800,无, , ,0.3780,,,交易所业务
2012-11-06,1,德邦优化配置,002024,苏宁电器,买入,100000,683000,27,6.83,6.83,6.83,6.85,6.87,0.4407,100000,155384569.3,6.83,深交所A,22691561,10000000,缺省组合,100000,6.94,6.77,1,罗韵峰,股票资产,0.4386,0.4396,0.2585,100000,1,缺省单元,人民币,391852,可交易,1,N/A,0,白仲光-基金经理,人民币,683000,无, , ,0.4318,,,交易所业务
2012-11-06,1,德邦优化配置,002238,天威视讯,买入,32628,376200.84,35,11.53,11.53,11.53,11.62,11.65,2.52,32628,15044741.35,11.53,深交所A,1294745,10000000,缺省组合,49906,11.99,11.44,6,罗韵峰,股票资产,-2.0185,2.5005,0.7728,50000,1,缺省单元,人民币,391852,可交易,1,N/A,0,白仲光-基金经理,人民币,376200.84,无, , ,0.2379,,,交易所业务
2012-11-06,1,德邦优化配置,002672,东江环保,买入,10000,546500,2,54.65,54.65,54.65,54.83,55.35,3.461,10000,15841410.31,54.65,深交所A,288932,10000000,缺省组合,10000,56.08,54.5,2,罗韵峰,股票资产,-0.7887,3.4498,0.3237,10000,1,缺省单元,人民币,391852,可交易,1,N/A,0,白仲光-基金经理,人民币,546500,无, , ,0.3455,,,交易所业务
2012-11-06,1,德邦优化配置,300079,数码视讯,买入,50000,780400,12,15.608,15.6,15.61,15.69,15.62,5.4443,50000,14408186.52,15.608,深交所A,918386,10000000,缺省组合,50000,16,15.53,11,罗韵峰,股票资产,-1.8844,5.4164,0.5137,50000,1,缺省单元,人民币,391852,可交易,1,N/A,0,白仲光-基金经理,人民币,780400,无, , ,0.4934,,,交易所业务
2012-11-07,1,德邦优化配置,600563,法拉电子,买入,80000,1100000,13,13.75,13.75,13.75,13.78,13.73,9.2127,86700,11964357,13.75,上交所A,868363,10000000,缺省组合,80000,13.92,13.7,6,罗韵峰,股票资产,-1.223,9.194,0.2039,80000,1,缺省单元,人民币,24978,可交易,1,N/A,1194.029851,白仲光-基金经理,人民币,1100000,无, , ,0.6974,,,交易所业务
2012-11-07,1,德邦优化配置,600637,百视通,买入,50000,786500,2,15.73,15.73,15.73,15.86,15.82,1.8448,61100,42990524,15.73,上交所A,2710385,10000000,缺省组合,50000,16.06,15.7,1,高继萍-交易员,股票资产,-1.125,1.8295,0.8284,50000,1,缺省单元,人民币,24978,可交易,1,N/A,450.4504505,白仲光-基金经理,人民币,786500,无, , ,0.4987,,,交易所业务
2012-11-07,1,德邦优化配置,601718,际华集团,买入,7717,23151,4,3,3,3,3.02,3.01,0.179,91494,12999839,3,上交所A,4311495,10000000,缺省组合,300000,3.04,3,4,罗韵峰,股票资产,-0.6601,0.1781,0.5041,300000,1,缺省单元,人民币,24978,可交易,1,N/A,9.211358726,白仲光-基金经理,人民币,23151,无, , ,0.0147,,,交易所业务
2012-11-08,1,德邦优化配置,600418,江淮汽车,买入,150000,810000,35,5.4,5.4,5.4,5.42,5.44,0.8857,150000,91741713,5.4,上交所A,16935861,10000000,缺省组合,150000,5.47,5.33,3,罗韵峰,股票资产,0.7407,0.8829,0.3138,150000,1,缺省单元,人民币,24978,可交易,1,N/A,0,白仲光-基金经理,人民币,810000,无, , ,0.5165,,,交易所业务
2012-11-08,1,德邦优化配置,601718,际华集团,买入,200000,596000,15,2.98,2.98,2.98,2.99,2.96,3.0086,291494,19883261,2.98,上交所A,6647664,10000000,缺省组合,200000,3.01,2.96,1,罗韵峰,股票资产,-1.6611,2.9975,0.3678,200000,1,缺省单元,人民币,24978,可交易,1,N/A,218.593569,白仲光-基金经理,人民币,596000,无, , ,0.3800,,,交易所业务
2012-11-08,1,德邦优化配置,601766,中国南车,买入,350000,1590000,3,4.542857143,4.5,4.56,4.52,4.48,0.8259,350000,191616789,4.542857143,上交所A,42380562,10000000,缺省组合,350000,4.57,4.43,3,罗韵峰,股票资产,0,0.8298,-0.4777,350000,1,缺省单元,人民币,24978,可交易,1,N/A,0,白仲光-基金经理,人民币,1590000,无, , ,1.0139,,,交易所业务
2012-11-08,1,德邦优化配置,601877,正泰电器,买入,49982,816706.06,9,16.3400036,16.33,16.35,16.4,16.37,1.7323,49982,47313221,16.3400036,上交所A,2885294,10000000,缺省组合,49982,16.63,16.27,4,罗韵峰,股票资产,-1.9173,1.7262,0.3543,50000,1,缺省单元,人民币,24978,可交易,1,N/A,0,白仲光-基金经理,人民币,816706.06,无, , ,0.5208,,,交易所业务
2012-11-08,1,德邦优化配置,000046,泛海建设,买入,100000,397000,8,3.97,3.97,3.97,3.98,3.99,1.6926,131221,23496581.42,3.97,深交所A,5908018,10000000,缺省组合,100000,4.03,3.91,2,罗韵峰,股票资产,0.5038,1.6896,0.1785,100000,1,缺省单元,人民币,391852,可交易,1,N/A,320.2972358,白仲光-基金经理,人民币,397000,无, , ,0.2532,,,交易所业务
2012-11-08,1,德邦优化配置,000402,金 融 街,买入,50000,300000,1,6,6,6,5.96,5.87,0.3232,150000,92188446.66,6,深交所A,15470492,10000000,缺省组合,50000,6.05,5.86,1,罗韵峰,股票资产,-2.6534,0.3254,-0.688,50000,1,缺省单元,人民币,391852,可交易,1,N/A,50,白仲光-基金经理,人民币,300000,无, , ,0.1913,,,交易所业务
2012-11-08,1,德邦优化配置,000539,粤电力Ａ,买入,200000,1119750,15,5.59875,5.59,5.6,5.56,5.6,3.8213,200000,29097867.94,5.59875,深交所A,5233758,10000000,缺省组合,200000,5.84,5.31,7,罗韵峰,股票资产,-4.1096,3.8482,-0.7015,200000,1,缺省单元,人民币,391852,可交易,1,N/A,0,白仲光-基金经理,人民币,1119750,无, , ,0.7140,,,交易所业务
2012-11-08,1,德邦优化配置,000550,江铃汽车,买入,50000,764700,20,15.294,15.28,15.3,15.36,15.39,2.2306,50000,34422989.59,15.294,深交所A,2241561,10000000,缺省组合,50000,15.52,15.18,6,罗韵峰,股票资产,-1.0925,2.2215,0.4083,50000,1,缺省单元,人民币,391852,可交易,1,N/A,0,白仲光-基金经理,人民币,764700,无, , ,0.4876,,,交易所业务
2012-11-08,1,德邦优化配置,002238,天威视讯,买入,69931,797080.78,35,11.39810356,11.38,11.4,11.33,11.22,6.5809,102559,12036999.21,11.39810356,深交所A,1062632,10000000,缺省组合,69931,11.52,11.2,15,罗韵峰,股票资产,-3.0251,6.6219,-0.6233,70000,1,缺省单元,人民币,391852,可交易,1,N/A,214.3281844,白仲光-基金经理,人民币,797080.78,无, , ,0.5083,,,交易所业务
2012-11-09,1,德邦优化配置,600418,江淮汽车,买入,99988,534292.23,32,5.343563528,5.32,5.36,5.37,5.36,1.5023,249988,35708367,5.343563528,上交所A,6655554,10000000,缺省组合,99988,5.48,5.31,5,罗韵峰,股票资产,-1.4706,1.4963,0.4026,100000,1,缺省单元,人民币,24978,可交易,1,N/A,66.65866667,白仲光-基金经理,人民币,534292.23,无, , ,0.3443,,,交易所业务
2012-11-09,1,德邦优化配置,600823,世茂股份,买入,50000,488246.54,20,9.7649308,9.75,9.78,9.82,9.75,2.39,150000,20536758,9.7649308,上交所A,2092075,10000000,缺省组合,50000,9.93,9.7,7,罗韵峰,股票资产,-0.8138,2.3774,0.5256,50000,1,缺省单元,人民币,24978,可交易,1,N/A,50,白仲光-基金经理,人民币,488246.54,无, , ,0.3146,,,交易所业务
2012-11-09,1,德邦优化配置,000069,华侨城Ａ,买入,100000,584000,14,5.84,5.84,5.84,5.88,5.9,0.5359,300000,109695530,5.84,深交所A,18661052,10000000,缺省组合,100000,6,5.8,2,罗韵峰,股票资产,-1.0067,0.5324,0.6515,100000,1,缺省单元,人民币,391852,可交易,1,N/A,50,白仲光-基金经理,人民币,584000,无, , ,0.3763,,,交易所业务
2012-11-09,1,德邦优化配置,000550,江铃汽车,买入,40000,600400,10,15.01,15.01,15.01,15.13,15.08,3.2815,90000,18445909.68,15.01,深交所A,1218961,10000000,缺省组合,40000,15.37,15,2,罗韵峰,股票资产,-2.0143,3.2549,0.8095,40000,1,缺省单元,人民币,391852,可交易,1,N/A,80,白仲光-基金经理,人民币,600400,无, , ,0.3868,,,交易所业务
2012-11-12,1,德邦优化配置,600036,招商银行,买入,99935,1021066,15,10.21730125,10.2,10.27,10.24,10.26,0.3947,199935,259350027,10.21730125,上交所A,25317439,10000000,缺省组合,99935,10.29,10.2,3,罗韵峰,股票资产,0.4897,0.3937,0.2597,100000,1,缺省单元,人民币,24978,可交易,1,N/A,99.935,白仲光-基金经理,人民币,1021066,无, , ,0.6658,,,交易所业务
2012-11-12,1,德邦优化配置,600376,首开股份,买入,200000,2085132,38,10.42566,10.39,10.46,10.44,10.49,2.6426,200000,79050075,10.42566,上交所A,7568307,10000000,缺省组合,200000,10.53,10.22,17,罗韵峰,股票资产,1.9436,2.6377,0.1838,200000,1,缺省单元,人民币,24978,可交易,1,N/A,0,白仲光-基金经理,人民币,2085132,无, , ,1.3596,,,交易所业务
2012-11-12,1,德邦优化配置,600418,江淮汽车,买入,100000,535000,6,5.35,5.35,5.35,5.33,5.34,1.3451,349988,39638707,5.35,上交所A,7434493,10000000,缺省组合,100000,5.4,5.26,5,罗韵峰,股票资产,-0.3731,1.3497,-0.3432,100000,1,缺省单元,人民币,24978,可交易,1,N/A,40.00192009,白仲光-基金经理,人民币,535000,无, , ,0.3488,,,交易所业务
2012-11-12,1,德邦优化配置,600900,长江电力,买入,200000,1288000,20,6.44,6.44,6.44,6.43,6.45,2.5573,400100,50306835,6.44,上交所A,7820680,10000000,缺省组合,200000,6.45,6.4,3,罗韵峰,股票资产,0.624,2.5603,-0.1166,200000,1,缺省单元,人民币,24978,可交易,1,N/A,99.95002499,白仲光-基金经理,人民币,1288000,无, , ,0.8398,,,交易所业务
2012-11-12,1,德邦优化配置,601006,大秦铁路,买入,200000,1231882.96,16,6.1594148,6.15,6.16,6.14,6.16,0.8458,200000,145179133,6.1594148,上交所A,23647374,10000000,缺省组合,200000,6.17,6.06,4,罗韵峰,股票资产,1.1494,0.8485,-0.3274,200000,1,缺省单元,人民币,24978,可交易,1,N/A,0,白仲光-基金经理,人民币,1231882.96,无, , ,0.8032,,,交易所业务
2012-11-12,1,德邦优化配置,601166,兴业银行,买入,79930,1016084.5,13,12.71217941,12.71,12.72,12.76,12.79,0.133,179930,766810221,12.71217941,上交所A,60076519,10000000,缺省组合,79930,12.88,12.62,2,罗韵峰,股票资产,1.6693,0.1325,0.405,80000,1,缺省单元,人民币,24978,可交易,1,N/A,79.93,白仲光-基金经理,人民币,1016084.5,无, , ,0.6625,,,交易所业务
2012-11-12,1,德邦优化配置,601169,北京银行,买入,150000,1083000,11,7.22,7.22,7.22,7.2,7.24,0.5879,300000,183690638,7.22,上交所A,25515821,10000000,缺省组合,150000,7.25,7.1,2,罗韵峰,股票资产,2.1157,0.5896,-0.2903,150000,1,缺省单元,人民币,24978,可交易,1,N/A,100,白仲光-基金经理,人民币,1083000,无, , ,0.7062,,,交易所业务
2012-11-12,1,德邦优化配置,601718,际华集团,买入,199910,596312.7,22,2.982905808,2.97,2.99,2.98,2.98,4.2778,491404,13913328,2.982905808,上交所A,4673229,10000000,缺省组合,199910,2.99,2.96,4,罗韵峰,股票资产,0.6757,4.2859,-0.1915,200000,1,缺省单元,人民币,24978,可交易,1,N/A,68.58117148,白仲光-基金经理,人民币,596312.7,无, , ,0.3888,,,交易所业务
2012-11-12,1,德邦优化配置,601798,蓝科高新,买入,99990,1189005.1,57,11.89124012,11.87,11.9,11.89,11.98,10.9009,99990,10901995,11.89124012,上交所A,917265,10000000,缺省组合,99990,12.01,11.78,32,罗韵峰,股票资产,1.5254,10.9063,-0.0496,100000,1,缺省单元,人民币,24978,可交易,1,N/A,0,白仲光-基金经理,人民币,1189005.1,无, , ,0.7753,,,交易所业务
2012-11-12,1,德邦优化配置,000046,泛海建设,买入,199906,829386.42,80,4.148882075,4.07,4.2,4.16,4.2,2.1535,331127,38617460.09,4.148882075,深交所A,9282811,10000000,缺省组合,199906,4.23,4.02,12,罗韵峰,股票资产,3.4483,2.1477,0.2692,200000,1,缺省单元,人民币,391852,可交易,1,N/A,152.3429939,白仲光-基金经理,人民币,829386.42,无, , ,0.5408,,,交易所业务
2012-11-12,1,德邦优化配置,000402,金 融 街,买入,200000,1185727.95,7,5.92863975,5.92,5.93,5.93,5.96,2.0144,350000,58894617.72,5.92863975,深交所A,9928302,10000000,缺省组合,200000,5.96,5.87,1,罗韵峰,股票资产,1.3605,2.0133,0.0573,200000,1,缺省单元,人民币,391852,可交易,1,N/A,133.3333333,白仲光-基金经理,人民币,1185727.95,无, , ,0.7731,,,交易所业务
2012-11-12,1,德邦优化配置,000550,江铃汽车,买入,40000,599672.97,27,14.99182425,14.98,15,14.96,14.93,3.4791,130000,1.72E+07,14.99182425,深交所A,1149717,10000000,缺省组合,40000,15.17,14.86,7,罗韵峰,股票资产,-0.9947,3.4875,-0.2394,40000,1,缺省单元,人民币,391852,可交易,1,N/A,44.44444444,白仲光-基金经理,人民币,599672.97,无, , ,0.3910,,,交易所业务
2012-11-12,1,德邦优化配置,002078,太阳纸业,买入,200000,999535,36,4.997675,4.99,5,4.98,5.01,6.959,200000,14324949.46,4.997675,深交所A,2873965,10000000,缺省组合,200000,5.02,4.88,5,罗韵峰,股票资产,2.2449,6.9776,-0.2668,200000,1,缺省单元,人民币,391852,可交易,1,N/A,0,白仲光-基金经理,人民币,999535,无, , ,0.6517,,,交易所业务
2012-11-12,1,德邦优化配置,002238,天威视讯,买入,80000,879682.93,66,10.99603663,10.97,11,11.04,11.05,9.7876,182559,9022496.82,10.99603663,深交所A,817359,10000000,缺省组合,80000,11.13,10.96,38,罗韵峰,股票资产,0.4545,9.7499,0.3859,80000,1,缺省单元,人民币,391852,可交易,1,N/A,78.00388069,白仲光-基金经理,人民币,879682.93,无, , ,0.5736,,,交易所业务
2012-11-12,1,德邦优化配置,002672,东江环保,买入,10000,523140,8,52.314,52.25,52.33,52.13,52,2.09,20000,24944459.27,52.314,深交所A,478478,10000000,缺省组合,10000,52.8,51.6,2,罗韵峰,股票资产,0.9709,2.0972,-0.3474,10000,1,缺省单元,人民币,391852,可交易,1,N/A,100,白仲光-基金经理,人民币,523140,无, , ,0.3411,,,交易所业务
2012-11-12,1,德邦优化配置,300145,南方泵业,买入,91972,1606453.67,39,17.46676891,17.31,17.61,17.57,17.49,6.7127,91972,24078300.39,17.46676891,深交所A,1370120,10000000,缺省组合,99901,17.8,17.28,17,罗韵峰,股票资产,0,6.6718,0.6094,100000,1,缺省单元,人民币,391852,可交易,1,N/A,0,白仲光-基金经理,人民币,1606453.67,无, , ,1.0475,,,交易所业务
2012-11-13,1,德邦优化配置,000046,泛海建设,买入,100000,407608,32,4.07608,4.06,4.08,4.05,3.96,1.5734,431127,25719461.61,4.07608,深交所A,6355541,10000000,缺省组合,100000,4.22,3.95,21,罗韵峰,股票资产,-5.7143,1.5848,-0.724,100000,1,缺省单元,人民币,391852,可交易,1,N/A,30.19989309,白仲光-基金经理,人民币,407608,无, , ,0.2675,,,交易所业务
2012-11-13,1,德邦优化配置,000069,华侨城Ａ,买入,100000,590000,1,5.9,5.9,5.9,5.82,5.78,0.4298,400000,135367993.6,5.9,深交所A,23265899,10000000,缺省组合,100000,5.95,5.72,1,罗韵峰,股票资产,-3.0201,0.4358,-1.4042,100000,1,缺省单元,人民币,391852,可交易,1,N/A,33.33333333,白仲光-基金经理,人民币,590000,无, , ,0.3872,,,交易所业务
2012-11-13,1,德邦优化配置,002024,苏宁电器,买入,200000,1290000,39,6.45,6.42,6.48,6.39,6.37,0.26,300000,491721359.2,6.45,深交所A,76935316,10000000,缺省组合,200000,6.68,6.28,19,罗韵峰,股票资产,-4.2105,0.2623,-0.9169,200000,1,缺省单元,人民币,391852,可交易,1,N/A,200,白仲光-基金经理,人民币,1290000,无, , ,0.8467,,,交易所业务
2012-11-13,1,德邦优化配置,300145,南方泵业,买入,50000,861218.27,92,17.2243654,17.18,17.25,17.15,17.15,8.1128,141972,10570122.98,17.2243654,深交所A,616308,10000000,缺省组合,50000,17.5,16.85,61,罗韵峰,股票资产,-1.944,8.1477,-0.4297,50000,1,缺省单元,人民币,391852,可交易,1,N/A,54.36437177,白仲光-基金经理,人民币,861218.27,无, , ,0.5652,,,交易所业务
2012-11-13,2,德邦平安安德债券,204007,   GC007,融券回购,360000,36000000,18,2.762638889,2.76,2.775,100,2.65,0.2628,0,13700300000,2.762638889,上交所A,137003000,20000000,缺省组合,360000,3,2.605,12,罗韵峰,非资产,-2.214,0.2628,97.2374,360000,202,缺省单元,人民币,22161,可交易,77010100,N/A,0,余鹏举,人民币,36000000,无, , ,64.1193,,,交易所业务
2012-11-14,1,德邦优化配置,600309,烟台万华,买入,100000,1305362.95,24,13.0536295,13.05,13.06,13.07,13.2,1.3101,100000,99763184,13.0536295,上交所A,7632886,10000000,缺省组合,100000,13.21,12.97,2,罗韵峰,股票资产,1.227,1.3085,0.127,100000,1,缺省单元,人民币,24978,可交易,1,N/A,0,白仲光-基金经理,人民币,1305362.95,无, , ,0.8577,,,交易所业务
2012-11-14,1,德邦优化配置,000755,山西三维,买入,299943,1585553.04,139,5.286181174,5.26,5.3,5.24,5.28,10.3335,299943,15209853.69,5.286181174,深交所A,2902634,10000000,缺省组合,299943,5.31,5.17,51,罗韵峰,股票资产,0.1898,10.4245,-0.8817,300000,1,缺省单元,人民币,391852,可交易,1,N/A,0,白仲光-基金经理,人民币,1585553.04,无, , ,1.0418,,,交易所业务
2012-11-15,1,德邦优化配置,600309,烟台万华,买入,50000,652500,7,13.05,13.05,13.05,12.93,12.81,0.538,150000,120181017,13.05,上交所A,9292917,10000000,缺省组合,50000,13.14,12.76,4,罗韵峰,股票资产,-2.9545,0.5429,-0.9086,50000,1,缺省单元,人民币,24978,可交易,1,N/A,50,白仲光-基金经理,人民币,652500,无, , ,0.4329,,,交易所业务
2012-11-16,1,德邦优化配置,601766,中国南车,买入,100000,455000,3,4.55,4.55,4.55,4.58,4.6,0.1518,450000,302050023,4.55,上交所A,65881130,10000000,缺省组合,200000,4.73,4.5,6,罗韵峰,股票资产,1.0989,0.1506,0.759,200000,1,缺省单元,人民币,24978,可交易,1,N/A,28.57142857,白仲光-基金经理,人民币,455000,无, , ,0.3022,,,交易所业务
2012-11-16,1,德邦优化配置,000046,泛海建设,买入,10000,37500,9,3.75,3.75,3.75,3.76,3.76,0.3301,441127,11393256.08,3.75,深交所A,3028929,10000000,缺省组合,100000,3.81,3.71,6,罗韵峰,股票资产,0.2667,0.3291,0.3057,150000,1,缺省单元,人民币,391852,可交易,1,N/A,2.319502142,白仲光-基金经理,人民币,37500,无, , ,0.0249,,,交易所业务
2012-11-16,1,德邦优化配置,002024,苏宁电器,买入,100000,622000,26,6.22,6.22,6.22,6.23,6.3,0.4543,400000,137159138.9,6.22,深交所A,22013932,10000000,缺省组合,100000,6.31,6.18,12,罗韵峰,股票资产,-0.1585,0.4535,0.1701,100000,1,缺省单元,人民币,391852,可交易,1,N/A,33.33333333,白仲光-基金经理,人民币,622000,无, , ,0.4131,,,交易所业务
2012-11-19,1,德邦优化配置,600637,百视通,卖出,61100,887636.28,36,14.52759869,14.5,14.57,14.55,14.61,2.1863,0,40669375,14.52759869,上交所A,2794637,10000000,缺省组合,61100,14.62,14.44,27,罗韵峰,股票资产,1.1773,2.1826,-0.1725,61100,1,缺省单元,人民币,24978,可交易,1,N/A,100,白仲光-基金经理,人民币,887636.28,无, , ,0.5900,,,交易所业务
2012-11-19,1,德邦优化配置,601766,中国南车,买入,100000,457000,5,4.57,4.57,4.57,4.61,4.69,0.2245,550000,205528193,4.57,上交所A,44536025,10000000,缺省组合,100000,4.72,4.53,5,罗韵峰,股票资产,1.9565,0.2224,0.9729,100000,1,缺省单元,人民币,24978,可交易,1,N/A,22.22222222,白仲光-基金经理,人民币,457000,无, , ,0.3038,,,交易所业务
2012-11-19,1,德邦优化配置,000402,金 融 街,买入,100000,567900,7,5.679,5.67,5.68,5.7,5.69,1.14,450000,49957196.44,5.679,深交所A,8771866,10000000,缺省组合,100000,5.74,5.65,5,罗韵峰,股票资产,-0.8711,1.1368,0.2845,100000,1,缺省单元,人民币,391852,可交易,1,N/A,28.57142857,白仲光-基金经理,人民币,567900,无, , ,0.3775,,,交易所业务
2012-11-19,1,德邦优化配置,002024,苏宁电器,买入,100000,611696,35,6.11696,6.11,6.12,6.19,6.19,0.3566,500000,173589550.4,6.11696,深交所A,28045318,10000000,缺省组合,100000,6.29,6.1,29,罗韵峰,股票资产,-1.746,0.3524,1.1729,100000,1,缺省单元,人民币,391852,可交易,1,N/A,25,白仲光-基金经理,人民币,611696,无, , ,0.4066,,,交易所业务
2012-11-19,1,德邦优化配置,300079,数码视讯,卖出,50000,755968.24,53,15.1193648,15.1,15.16,15.18,15.28,6.8613,0,11062592.23,15.1193648,深交所A,728721,10000000,缺省组合,50000,15.38,15.01,39,罗韵峰,股票资产,0.1311,6.8336,-0.4045,50000,1,缺省单元,人民币,391852,可交易,1,N/A,100,白仲光-基金经理,人民币,755968.24,无, , ,0.5025,,,交易所业务
2012-11-20,2,德邦平安安德债券,204007,   GC007,融券回购,360000,36000000,9,2.852611111,2.85,2.855,100,2.66,0.233,0,15451400000,2.852611111,上交所A,154514000,20000000,缺省组合,360000,2.95,2.65,4,罗韵峰,非资产,-8.5911,0.233,97.1474,360000,202,缺省单元,人民币,22161,可交易,77010100,N/A,100,余鹏举,人民币,36000000,无, , ,64.1042,,,交易所业务
2012-11-26,3,德邦佰睿吉1号,002571,德力股份,买入,199976,3032534.4,72,15.16449174,15.14,15.18,15.08,15.09,31.4735,199976,9583933.4,15.16449174,深交所A,635378,30000000,缺省组合,199976,15.19,14.9,69,罗韵峰,股票资产,-0.396,31.6419,-0.535,200000,2,缺省单元,人民币,210301,可交易,77010500,N/A,0,余鹏举,人民币,3032534.4,无, , ,8.4213,,,交易所业务
2012-11-26,3,德邦佰睿吉1号,002690,美亚光电,买入,150000,2991727,102,19.94484667,19.8,19.99,19.97,19.8,24.564,150000,12196939,19.94484667,深交所A,610650,30000000,缺省组合,150000,20.25,19.8,77,罗韵峰,股票资产,-2.4631,24.5285,0.1447,150000,2,缺省单元,人民币,210301,可交易,77010500,N/A,0,余鹏举,人民币,2991727,无, , ,8.3080,,,交易所业务
2012-11-27,1,德邦优化配置,600884,杉杉股份,买入,199956,1689775.59,124,8.450737112,8.41,8.49,8.45,8.34,11.0384,199956,15312929,8.450737112,上交所A,1811464,10000000,缺省组合,199956,8.67,8.31,70,罗韵峰,股票资产,-3.9171,11.035,0.0308,200000,1,缺省单元,人民币,24978,可交易,1,N/A,0,白仲光-基金经理,人民币,1689775.59,无, , ,1.1993,,,交易所业务
2012-11-27,1,德邦优化配置,600900,长江电力,买入,300000,1920000,45,6.4,6.4,6.4,6.42,6.41,3.1558,700100,61061113,6.4,上交所A,9506362,10000000,缺省组合,300000,6.46,6.39,9,罗韵峰,股票资产,-0.4658,3.1444,0.3612,300000,1,缺省单元,人民币,24978,可交易,1,N/A,74.98125469,白仲光-基金经理,人民币,1920000,无, , ,1.3627,,,交易所业务
2012-11-27,1,德邦优化配置,000539,粤电力Ａ,买入,71566,380015.46,5,5.31,5.31,5.31,5.37,5.34,6.0025,271566,6400653.74,5.31,深交所A,1192262,10000000,缺省组合,200000,5.52,5.3,9,罗韵峰,股票资产,-3.4358,5.9371,1.0897,200000,1,缺省单元,人民币,391852,可交易,1,N/A,35.783,白仲光-基金经理,人民币,380015.46,无, , ,0.2697,,,交易所业务
2012-11-27,1,德邦优化配置,002672,东江环保,买入,20000,958682,10,47.9341,47.9,48,48.13,48.4,2.62,40000,36740259.79,47.9341,深交所A,763356,10000000,缺省组合,20000,49.4,47.8,5,罗韵峰,股票资产,-2.6353,2.6094,0.4068,20000,1,缺省单元,人民币,391852,可交易,1,N/A,100,白仲光-基金经理,人民币,958682,无, , ,0.6804,,,交易所业务
2012-11-27,3,德邦佰睿吉1号,002571,德力股份,买入,279859,4231178.73,241,15.11896609,15.01,15.18,15.1,15.12,45.6707,479835,9255141.73,15.11896609,深交所A,612776,30000000,缺省组合,279859,15.18,14.99,173,罗韵峰,股票资产,0.1988,45.7171,-0.102,280000,2,缺省单元,人民币,210301,可交易,77010500,N/A,139.9462936,余鹏举,人民币,4231178.73,无, , ,11.7902,,,交易所业务
2012-11-27,3,德邦佰睿吉1号,002690,美亚光电,买入,149917,2838076.83,115,18.93098735,18.67,18.99,18.91,18.94,8.2067,299917,34535791.88,18.93098735,深交所A,1826765,30000000,缺省组合,149917,19.77,18.46,81,罗韵峰,股票资产,-4.3434,8.2178,-0.1354,150000,2,缺省单元,人民币,210301,可交易,77010500,N/A,99.94466667,余鹏举,人民币,2838076.83,无, , ,7.9083,,,交易所业务
2012-11-28,1,德邦优化配置,600884,杉杉股份,买入,100000,810873,40,8.10873,8.1,8.12,8.13,8.08,5.0647,299956,16055727,8.10873,上交所A,1974468,10000000,缺省组合,100000,8.37,8.03,36,罗韵峰,股票资产,-3.1175,5.0504,0.2828,100000,1,缺省单元,人民币,24978,可交易,1,N/A,50.01100242,白仲光-基金经理,人民币,810873,无, , ,0.5794,,,交易所业务
2012-11-28,1,德邦优化配置,000069,华侨城Ａ,买入,100000,567000,9,5.67,5.67,5.67,5.7,5.68,0.5011,500000,113820768.7,5.67,深交所A,19954786,10000000,缺省组合,100000,5.82,5.63,5,罗韵峰,股票资产,-3.0717,0.4982,0.5943,100000,1,缺省单元,人民币,391852,可交易,1,N/A,25,白仲光-基金经理,人民币,567000,无, , ,0.4051,,,交易所业务
2012-11-28,1,德邦优化配置,000539,粤电力Ａ,买入,100000,525762.27,27,5.2576227,5.25,5.26,5.26,5.25,5.6593,371566,9300553.72,5.2576227,深交所A,1767015,10000000,缺省组合,100000,5.37,5.17,17,罗韵峰,股票资产,-1.6854,5.653,0.1102,100000,1,缺省单元,人民币,391852,可交易,1,N/A,36.82346096,白仲光-基金经理,人民币,525762.27,无, , ,0.3757,,,交易所业务
2012-11-28,2,德邦平安安德债券,204007,   GC007,融券回购,60000,6000000,1,2.81,2.81,2.81,100,2.7,0.0419,0,14329900000,2.81,上交所A,143299000,20000000,缺省组合,60000,3,2.51,1,罗韵峰,非资产,7.5697,0.0419,97.19,60000,202,缺省单元,人民币,22161,可交易,77010100,N/A,0,余鹏举,人民币,6000000,无, , ,10.6790,,,交易所业务
2012-11-30,1,德邦优化配置,601006,大秦铁路,买入,100000,629000,5,6.29,6.29,6.29,6.25,6.3,0.4034,300000,154954460,6.29,上交所A,24790444,10000000,缺省组合,100000,6.32,6.18,2,罗韵峰,股票资产,1.7771,0.4059,-0.6303,100000,1,缺省单元,人民币,24978,可交易,1,N/A,50,白仲光-基金经理,人民币,629000,无, , ,0.4477,,,交易所业务
2012-11-30,1,德邦优化配置,601166,兴业银行,买入,50000,630000,19,12.6,12.6,12.6,12.56,12.66,0.128,229930,490453216,12.6,上交所A,39047367,10000000,缺省组合,50000,12.67,12.41,1,罗韵峰,股票资产,0.7962,0.1285,-0.3145,50000,1,缺省单元,人民币,24978,可交易,1,N/A,27.78858445,白仲光-基金经理,人民币,630000,无, , ,0.4485,,,交易所业务
2012-11-30,1,德邦优化配置,601169,北京银行,买入,100000,718000,3,7.18,7.18,7.18,7.18,7.2,0.7026,400000,102204303,7.18,上交所A,14231938,10000000,缺省组合,100000,7.23,7.14,2,罗韵峰,股票资产,0.2786,0.7025,0.0181,100000,1,缺省单元,人民币,24978,可交易,1,N/A,33.33333333,白仲光-基金经理,人民币,718000,无, , ,0.5111,,,交易所业务
2012-11-30,1,德邦优化配置,601877,正泰电器,买入,32000,507095,12,15.84671875,15.84,15.85,15.82,16.03,4.0468,81982,12511219,15.84671875,上交所A,790756,10000000,缺省组合,50000,16.06,15.56,5,罗韵峰,股票资产,2.1019,4.0531,-0.1574,50000,1,缺省单元,人民币,24978,可交易,1,N/A,64.0230483,白仲光-基金经理,人民币,507095,无, , ,0.3610,,,交易所业务
2012-11-30,1,德邦优化配置,000539,粤电力Ａ,买入,100000,525950,16,5.2595,5.25,5.26,5.29,5.31,4.5802,471566,11543766.49,5.2595,深交所A,2183331,10000000,缺省组合,100000,5.34,5.24,11,罗韵峰,股票资产,0.5682,4.5561,0.5239,100000,1,缺省单元,人民币,391852,可交易,1,N/A,26.91311907,白仲光-基金经理,人民币,525950,无, , ,0.3744,,,交易所业务
2012-12-03,3,德邦佰睿吉1号,002571,德力股份,买入,8000,117840,1,14.73,14.73,14.73,14.62,14.61,2.9058,487835,4025837.8,14.73,深交所A,275310,30000000,缺省组合,8000,14.76,14.48,3,罗韵峰,股票资产,-1.0833,2.9271,-0.7324,8000,2,缺省单元,人民币,210301,可交易,77010500,N/A,1.66723978,余鹏举,人民币,117840,无, , ,0.3296,,,交易所业务
2012-12-03,3,德邦佰睿吉1号,002587,奥拓电子,买入,180000,1897567,25,10.54203889,10.49,10.66,10.66,10.1,3.068,180000,62528524.03,10.54203889,深交所A,5866969,30000000,缺省组合,180000,11.5,10.1,13,罗韵峰,股票资产,-9.3357,3.0347,1.0856,180000,2,缺省单元,人民币,210301,可交易,77010500,N/A,0,余鹏举,人民币,1897567,无, , ,5.3068,,,交易所业务
2012-12-04,1,德邦优化配置,122875,10红投02,债券卖出,30000,3046447.5,20,101.54825,101.53,101.7,101.57,101.55,47.3634,0,6433268,108.4220856,上交所A,63340,10000000,缺省组合,30000,101.7,101.46,25,季慧娟,债券资产,-0.2946,47.3546,-0.0187,30000,1,缺省单元,人民币,24978,可交易,1,N/A,100,白仲光-基金经理,人民币,3046447.5,无, , ,2.1649,,,交易所业务
2012-12-04,1,德邦优化配置,600036,招商银行,买入,100000,991000,11,9.91,9.91,9.91,9.96,9.98,0.4178,299935,238259790,9.91,上交所A,23933387,10000000,缺省组合,100000,10.01,9.9,4,罗韵峰,股票资产,0.7064,0.4159,0.453,100000,1,缺省单元,人民币,24978,可交易,1,N/A,50.01625528,白仲光-基金经理,人民币,991000,无, , ,0.7042,,,交易所业务
2012-12-04,1,德邦优化配置,600563,法拉电子,买入,50000,610104.88,39,12.2020976,12.18,12.21,12.28,12.38,4.7081,136700,13040595,12.2020976,上交所A,1061998,10000000,缺省组合,50000,12.42,12.11,36,罗韵峰,股票资产,1.3923,4.6785,0.6287,50000,1,缺省单元,人民币,24978,可交易,1,N/A,57.67012687,白仲光-基金经理,人民币,610104.88,无, , ,0.4336,,,交易所业务
2012-12-04,1,德邦优化配置,601006,大秦铁路,买入,200000,1261636.99,23,6.30818495,6.28,6.34,6.3,6.32,1.0238,500000,123024292,6.30818495,上交所A,19534441,10000000,缺省组合,300000,6.35,6.26,9,罗韵峰,股票资产,-0.3155,1.0255,-0.1651,300000,1,缺省单元,人民币,24978,可交易,1,N/A,66.66666667,白仲光-基金经理,人民币,1261636.99,无, , ,0.8966,,,交易所业务
2012-12-04,1,德邦优化配置,601166,兴业银行,买入,99990,1244197.7,14,12.44322132,12.43,12.46,12.57,12.7,0.2051,329920,612943245,12.44322132,上交所A,48761273,10000000,缺省组合,99990,12.74,12.4,8,罗韵峰,股票资产,1.8444,0.203,1.0111,100000,1,缺省单元,人民币,24978,可交易,1,N/A,43.48714826,白仲光-基金经理,人民币,1244197.7,无, , ,0.8842,,,交易所业务
2012-12-04,1,德邦优化配置,601169,北京银行,买入,100000,708947,15,7.08947,7.07,7.09,7.14,7.21,0.4488,500000,159043548,7.08947,上交所A,22280265,10000000,缺省组合,100000,7.24,7.05,9,罗韵峰,股票资产,1.6925,0.4458,0.6836,100000,1,缺省单元,人民币,24978,可交易,1,N/A,25,白仲光-基金经理,人民币,708947,无, , ,0.5038,,,交易所业务
2012-12-04,1,德邦优化配置,601798,蓝科高新,买入,69352,680304.6,10,9.809444573,9.8,9.81,9.89,10.03,5.3158,169342,12907078,9.809444573,上交所A,1304636,10000000,缺省组合,69952,10.05,9.78,9,混合,股票资产,2.2426,5.2708,0.847,70000,1,缺省单元,人民币,24978,可交易,1,N/A,69.35893589,白仲光-基金经理,人民币,680304.6,无, , ,0.4834,,,交易所业务
2012-12-04,1,德邦优化配置,601877,正泰电器,买入,57400,910950,45,15.87020906,15.66,15.94,15.82,15.87,7.6792,139382,11825942,15.87020906,上交所A,747470,10000000,缺省组合,150000,15.96,15.64,54,罗韵峰,股票资产,-0.3141,7.703,-0.3091,150000,1,缺省单元,人民币,24978,可交易,1,N/A,70.01536923,白仲光-基金经理,人民币,910950,无, , ,0.6474,,,交易所业务
2012-12-04,1,德邦优化配置,000039,中集集团,买入,178585,1632885.9,34,9.143466137,9.13,9.15,9.18,9.2,3.899,178585,42036485.42,9.143466137,深交所A,4580267,10000000,缺省组合,199909,9.28,9.1,20,混合,股票资产,0.5464,3.8844,0.3726,200000,1,缺省单元,人民币,391852,可交易,1,N/A,0,白仲光-基金经理,人民币,1632885.9,无, , ,1.1604,,,交易所业务
2012-12-04,1,德邦优化配置,000550,江铃汽车,买入,50000,713774,38,14.27548,14.21,14.29,14.55,14.65,2.7744,180000,26222338.13,14.27548,深交所A,1802177,10000000,缺省组合,50000,14.8,14.21,18,罗韵峰,股票资产,2.5192,2.722,1.8893,50000,1,缺省单元,人民币,391852,可交易,1,N/A,38.46153846,白仲光-基金经理,人民币,713774,无, , ,0.5072,,,交易所业务
2012-12-04,1,德邦优化配置,002024,苏宁电器,买入,26400,153912,13,5.83,5.83,5.83,5.86,5.91,0.1394,526400,111069964.3,5.83,深交所A,18938324,10000000,缺省组合,100000,5.94,5.8,5,罗韵峰,股票资产,1.1986,0.1386,0.5934,100000,1,缺省单元,人民币,391852,可交易,1,N/A,5.28,白仲光-基金经理,人民币,153912,无, , ,0.1094,,,交易所业务
2012-12-04,1,德邦优化配置,300145,南方泵业,买入,50000,814296,48,16.28592,16.18,16.3,16.38,16.6,11.0067,191972,7442920.59,16.28592,深交所A,454270,10000000,缺省组合,50000,16.67,16.11,28,罗韵峰,股票资产,1.903,10.9405,0.6012,50000,1,缺省单元,人民币,391852,可交易,1,N/A,35.21821204,白仲光-基金经理,人民币,814296,无, , ,0.5787,,,交易所业务
2012-12-05,1,德邦优化配置,601006,大秦铁路,买入,100000,628000,17,6.28,6.28,6.28,6.36,6.39,0.173,600000,367503815,6.28,上交所A,57808498,10000000,缺省组合,100000,6.43,6.27,1,罗韵峰,股票资产,1.1076,0.1709,1.2159,100000,1,缺省单元,人民币,24978,可交易,1,N/A,20,白仲光-基金经理,人民币,628000,无, , ,0.4481,,,交易所业务
2012-12-05,1,德邦优化配置,601718,际华集团,买入,381163,1055821.51,83,2.77,2.77,2.77,2.83,2.86,2.5511,872567,42239623,2.77,上交所A,14940912,10000000,缺省组合,399911,2.87,2.76,10,罗韵峰,股票资产,3.6232,2.4996,2.0197,400000,1,缺省单元,人民币,24978,可交易,1,N/A,77.56611668,白仲光-基金经理,人民币,1055821.51,无, , ,0.7533,,,交易所业务
2012-12-05,1,德邦优化配置,601798,蓝科高新,买入,99900,1000665,24,10.01666667,9.98,10.02,10.25,10.39,5.2364,269242,19559198,10.01666667,上交所A,1907788,10000000,缺省组合,100000,10.47,9.93,27,罗韵峰,股票资产,3.5892,5.1161,2.298,100000,1,缺省单元,人民币,24978,可交易,1,N/A,58.99304366,白仲光-基金经理,人民币,1000665,无, , ,0.7140,,,交易所业务
2012-12-05,1,德邦优化配置,000039,中集集团,买入,37873,348402,45,9.199218441,9.18,9.2,9.5,9.55,0.4419,216458,81430474.92,9.199218441,深交所A,8571284,10000000,缺省组合,99973,9.66,9.17,17,罗韵峰,股票资产,3.8043,0.4279,3.1704,100000,1,缺省单元,人民币,391852,可交易,1,N/A,21.20726825,白仲光-基金经理,人民币,348402,无, , ,0.2486,,,交易所业务
2012-12-05,1,德邦优化配置,000539,粤电力Ａ,买入,200000,1070000,3,5.35,5.35,5.35,5.41,5.41,1.1325,671566,95461079.9,5.35,深交所A,17660576,10000000,缺省组合,200000,5.58,5.31,3,罗韵峰,股票资产,1.6917,1.1209,1.0231,200000,1,缺省单元,人民币,391852,可交易,1,N/A,42.41187872,白仲光-基金经理,人民币,1070000,无, , ,0.7635,,,交易所业务
2012-12-05,1,德邦优化配置,002078,太阳纸业,卖出,200000,860024,33,4.30012,4.3,4.31,4.27,4.3,7.2552,0,11769411.27,4.30012,深交所A,2756635,10000000,缺省组合,200000,4.35,4.12,8,罗韵峰,股票资产,3.8647,7.3073,0.7167,200000,1,缺省单元,人民币,391852,可交易,1,N/A,100,白仲光-基金经理,人民币,860024,无, , ,0.6136,,,交易所业务
2012-12-05,3,德邦佰睿吉1号,002587,奥拓电子,买入,221500,2382486.7,285,10.75614763,10.54,10.79,10.7,10.8,6.2237,401500,38086473.46,10.75614763,深交所A,3559001,30000000,缺省组合,320000,10.95,10.11,231,罗韵峰,股票资产,4.9563,6.2555,-0.5102,320000,2,缺省单元,人民币,210301,可交易,77010500,N/A,123.0555556,余鹏举,人民币,2382486.7,无, , ,6.5510,,,交易所业务
2012-12-05,3,德邦佰睿吉1号,002690,美亚光电,买入,2000,39544,3,19.772,19.67,19.79,20,19.91,0.1832,301917,21832606.57,19.772,深交所A,1091609,30000000,缺省组合,60000,20.51,19.07,15,罗韵峰,股票资产,2.5232,0.1811,1.142,60000,2,缺省单元,人民币,210301,可交易,77010500,N/A,0.666851162,余鹏举,人民币,39544,无, , ,0.1087,,,交易所业务
2012-12-06,1,德邦优化配置,600563,法拉电子,买入,20901,265304.69,24,12.69339697,12.67,12.7,12.77,12.81,1.7247,157601,15470182,12.69339697,上交所A,1211897,10000000,缺省组合,99901,12.89,12.64,20,罗韵峰,股票资产,0,1.7149,0.5632,100000,1,缺省单元,人民币,24978,可交易,1,N/A,15.28968544,白仲光-基金经理,人民币,265304.69,无, , ,0.1890,,,交易所业务
2012-12-06,1,德邦优化配置,601006,大秦铁路,买入,400000,2534000,14,6.335,6.33,6.34,6.35,6.35,1.2112,1000000,209878157,6.335,上交所A,33025849,10000000,缺省组合,400000,6.41,6.31,5,罗韵峰,股票资产,-0.626,1.2074,0.3147,400000,1,缺省单元,人民币,24978,可交易,1,N/A,66.66666667,白仲光-基金经理,人民币,2534000,无, , ,1.8055,,,交易所业务
2012-12-06,1,德邦优化配置,601766,中国南车,买入,400000,1960000,15,4.9,4.9,4.9,4.95,4.93,0.7244,950000,273516286,4.9,上交所A,55215578,10000000,缺省组合,400000,5.07,4.89,1,罗韵峰,股票资产,-2.3762,0.7166,1.082,400000,1,缺省单元,人民币,24978,可交易,1,N/A,72.72727273,白仲光-基金经理,人民币,1960000,无, , ,1.3965,,,交易所业务
2012-12-07,3,德邦佰睿吉1号,600519,贵州茅台,买入,30000,5938061.3,53,197.9353767,197.56,199,199.3,198.79,0.3015,30000,1983064728,197.9353767,上交所A,9950141,30000000,缺省组合,30000,202.69,196.58,10,罗韵峰,股票资产,2.3583,0.2994,0.6848,30000,2,缺省单元,人民币,22420,可交易,77010500,N/A,0,余鹏举,人民币,5938061.3,无, , ,16.2350,,,交易所业务
2012-12-10,1,德邦优化配置,122757,11丹东债,债券卖出,50000,5135284.8,15,102.705696,102.7,102.73,102.73,102.76,20.2626,0,25350834,111.0117234,上交所A,246760,10000000,缺省组合,50000,102.86,102.68,5,罗韵峰,债券资产,-0.1069,20.2569,-0.0283,50000,1,缺省单元,人民币,24978,可交易,1,N/A,100,白仲光-基金经理,人民币,5135284.8,无, , ,3.6035,,,交易所业务
2012-12-10,1,德邦优化配置,600292,九龙电力,买入,1200,13248,1,11.04,11.04,11.04,11.04,11.1,0.0375,1200,35351579,11.04,上交所A,3202292,10000000,缺省组合,100000,11.19,10.94,10,罗韵峰,股票资产,0.726,0.0375,-0.0045,100000,1,缺省单元,人民币,24978,可交易,1,N/A,0,白仲光-基金经理,人民币,13248,无, , ,0.0093,,,交易所业务
2012-12-10,1,德邦优化配置,600563,法拉电子,买入,100000,1308354,49,13.08354,13.05,13.12,13.14,13.13,5.2346,257601,25100822,13.08354,上交所A,1910364,10000000,缺省组合,100000,13.24,13.05,23,罗韵峰,股票资产,0.7675,5.2124,0.4247,100000,1,缺省单元,人民币,24978,可交易,1,N/A,63.45137404,白仲光-基金经理,人民币,1308354,无, , ,0.9181,,,交易所业务
2012-12-10,1,德邦优化配置,600884,杉杉股份,买入,100000,863288,16,8.63288,8.6,8.65,8.67,8.75,2.4481,399956,35419661,8.63288,上交所A,4084746,10000000,缺省组合,100000,8.76,8.55,15,罗韵峰,股票资产,1.1561,2.4373,0.4417,100000,1,缺省单元,人民币,24978,可交易,1,N/A,33.33822294,白仲光-基金经理,人民币,863288,无, , ,0.6058,,,交易所业务
2012-12-10,1,德邦优化配置,002672,东江环保,买入,33000,1730935,7,52.45257576,52.35,52.5,52.7,52.93,11.3823,73000,15280007.46,52.45257576,深交所A,289923,10000000,缺省组合,60000,53.25,52.32,17,罗韵峰,股票资产,0.0567,11.3281,0.4764,60000,1,缺省单元,人民币,391852,可交易,1,N/A,82.5,白仲光-基金经理,人民币,1730935,无, , ,1.2146,,,交易所业务
2012-12-10,1,德邦优化配置,300145,南方泵业,买入,196728,3421127.69,134,17.39014116,17.19,17.6,17.53,17.65,11.2025,388700,30781234.57,17.39014116,深交所A,1756114,10000000,缺省组合,199883,17.75,17.1,82,罗韵峰,股票资产,1.5535,11.1143,0.7867,200000,1,缺省单元,人民币,391852,可交易,1,N/A,102.4774446,白仲光-基金经理,人民币,3421127.69,无, , ,2.4006,,,交易所业务
2012-12-10,3,德邦佰睿吉1号,601166,兴业银行,买入,500000,7058549.6,111,14.1170992,14.11,14.13,14.17,14.18,0.3418,500000,2072786250,14.1170992,上交所A,146303204,30000000,缺省组合,500000,14.26,14.04,7,罗韵峰,股票资产,0.7102,0.3405,0.3572,500000,2,缺省单元,人民币,22420,可交易,77010500,N/A,0,余鹏举,人民币,7058549.6,无, , ,19.1385,,,交易所业务
2012-12-10,3,德邦佰睿吉1号,002690,美亚光电,买入,50000,999500,4,19.99,19.99,19.99,20.2,20.37,4.7365,351917,21323726.44,19.99,深交所A,1055626,30000000,缺省组合,50000,20.42,19.99,2,罗韵峰,股票资产,1.0417,4.6873,1.0401,90000,2,缺省单元,人民币,210301,可交易,77010500,N/A,16.56084288,余鹏举,人民币,999500,无, , ,2.7100,,,交易所业务
2012-12-11,1,德邦优化配置,600036,招商银行,卖出,100000,1094793,13,10.94793,10.93,10.96,10.98,10.99,0.1426,199935,770027826,10.94793,上交所A,70145022,10000000,缺省组合,100000,11.06,10.89,1,高继萍-交易员,股票资产,0.1823,0.1422,-0.2715,100000,1,缺省单元,人民币,24978,可交易,1,N/A,33.34055712,白仲光-基金经理,人民币,1094793,无, , ,0.7785,,,交易所业务
2012-12-11,1,德邦优化配置,600292,九龙电力,买入,400000,4393447.99,151,10.98361998,10.91,11,10.95,10.85,20.2939,401200,21582251,10.98361998,上交所A,1971039,10000000,缺省组合,400000,11.07,10.84,54,混合,股票资产,-2.2523,20.3568,-0.3096,400000,1,缺省单元,人民币,24978,可交易,1,N/A,33333.33333,白仲光-基金经理,人民币,4393447.99,无, , ,3.1243,,,交易所业务
2012-12-11,1,德邦优化配置,600376,首开股份,卖出,200000,2201926.56,38,11.0096328,11,11.05,11.1,11.1,2.3462,0,94632210,11.0096328,上交所A,8524584,10000000,缺省组合,200000,11.25,10.97,12,高继萍-交易员,股票资产,-0.8929,2.3268,-0.8242,200000,1,缺省单元,人民币,24978,可交易,1,N/A,100,白仲光-基金经理,人民币,2201926.56,无, , ,1.5659,,,交易所业务
2012-12-11,1,德邦优化配置,600426,华鲁恒升,买入,399949,2694462.24,69,6.737014569,6.7,6.79,6.69,6.63,2.5772,399949,103885325,6.737014569,上交所A,15518496,10000000,缺省组合,399949,6.83,6.56,12,罗韵峰,股票资产,-0.1506,2.5937,-0.6379,400000,1,缺省单元,人民币,24978,可交易,1,N/A,0,白仲光-基金经理,人民币,2694462.24,无, , ,1.9161,,,交易所业务
2012-12-11,1,德邦优化配置,600563,法拉电子,买入,100000,1299934,72,12.99934,12.98,13,13.02,13.01,7.3821,357601,1.76E+07,12.99934,上交所A,1354628,10000000,缺省组合,100000,13.14,12.95,49,罗韵峰,股票资产,-0.9139,7.3694,0.1728,100000,1,缺省单元,人民币,24978,可交易,1,N/A,38.81972508,白仲光-基金经理,人民币,1299934,无, , ,0.9244,,,交易所业务
2012-12-11,1,德邦优化配置,600823,世茂股份,卖出,150000,1521544,49,10.14362667,10.11,10.21,10.19,10.08,8.0384,0,19020897,10.14362667,上交所A,1866033,10000000,缺省组合,150000,10.29,10.06,21,高继萍-交易员,股票资产,-1.85,7.9993,-0.4866,150000,1,缺省单元,人民币,24978,可交易,1,N/A,100,白仲光-基金经理,人民币,1521544,无, , ,1.0820,,,交易所业务
2012-12-11,1,德邦优化配置,601166,兴业银行,卖出,129920,1828370.19,29,14.07304641,14.06,14.09,14.11,14.04,0.2056,200000,891578488,14.07304641,上交所A,63178690,10000000,缺省组合,129920,14.23,14.01,8,高继萍-交易员,股票资产,-0.9873,0.2051,-0.2764,129920,1,缺省单元,人民币,24978,可交易,1,N/A,39.37924345,白仲光-基金经理,人民币,1828370.19,无, , ,1.3002,,,交易所业务
2012-12-11,1,德邦优化配置,601169,北京银行,卖出,500000,4027914.3,18,8.0558286,8.01,8.09,8.12,8.14,1.0669,0,380493379,8.0558286,上交所A,46862642,10000000,缺省组合,500000,8.19,7.99,2,高继萍-交易员,股票资产,1.118,1.0586,-0.7821,500000,1,缺省单元,人民币,24978,可交易,1,N/A,100,白仲光-基金经理,人民币,4027914.3,无, , ,2.8644,,,交易所业务
2012-12-11,1,德邦优化配置,601766,中国南车,买入,194987,955436.3,27,4.9,4.9,4.9,4.91,4.91,0.8073,1144987,118678896,4.9,上交所A,24152173,10000000,缺省组合,200000,4.97,4.89,4,罗韵峰,股票资产,-1.6032,0.8051,0.2808,200000,1,缺省单元,人民币,24978,可交易,1,N/A,20.52494737,白仲光-基金经理,人民币,955436.3,无, , ,0.6794,,,交易所业务
2012-12-11,1,德邦优化配置,000046,泛海建设,卖出,441127,1726588.84,63,3.914040265,3.9,3.96,3.97,3.96,7.4205,0,23606618,3.914040265,深交所A,5944746,10000000,缺省组合,441127,4.02,3.9,8,高继萍-交易员,股票资产,-0.5025,7.314,-1.4354,441127,1,缺省单元,人民币,391852,可交易,1,N/A,100,白仲光-基金经理,人民币,1726588.84,无, , ,1.2278,,,交易所业务
2012-12-11,1,德邦优化配置,000069,华侨城Ａ,卖出,500000,3086770.41,46,6.17354082,6.12,6.2,6.18,6.19,1.5266,0,202558608.7,6.17354082,深交所A,32751981,10000000,缺省组合,500000,6.23,6.12,13,高继萍-交易员,股票资产,-0.4823,1.5239,-0.1795,500000,1,缺省单元,人民币,391852,可交易,1,N/A,100,白仲光-基金经理,人民币,3086770.41,无, , ,2.1951,,,交易所业务
2012-12-11,1,德邦优化配置,002024,苏宁电器,买入,200000,1246000,9,6.23,6.23,6.23,6.24,6.19,0.3804,726400,327836589.2,6.23,深交所A,52575357,10000000,缺省组合,200000,6.31,6.18,2,罗韵峰,股票资产,-2.057,0.3801,0.0898,200000,1,缺省单元,人民币,391852,可交易,1,N/A,37.99392097,白仲光-基金经理,人民币,1246000,无, , ,0.8861,,,交易所业务
2012-12-11,1,德邦优化配置,300145,南方泵业,买入,99983,1728440.9,74,17.28734785,17.2,17.3,17.35,17.16,10.3684,488683,16735243.85,17.28734785,深交所A,964303,10000000,缺省组合,99983,17.72,17.16,115,罗韵峰,股票资产,-2.7762,10.3281,0.3889,100000,1,缺省单元,人民币,391852,可交易,1,N/A,25.72240803,白仲光-基金经理,人民币,1728440.9,无, , ,1.2292,,,交易所业务
2012-12-11,3,德邦佰睿吉1号,002587,奥拓电子,买入,200000,2400000,7,12,12,12,11.93,11.85,2.6961,601500,88510356.3,12,深交所A,7418067,30000000,缺省组合,200000,12.45,11.25,9,罗韵峰,股票资产,3.7653,2.7115,-0.5724,200000,2,缺省单元,人民币,210301,可交易,77010500,N/A,49.8132005,余鹏举,人民币,2400000,无, , ,6.5217,,,交易所业务
2012-12-12,1,德邦优化配置,601166,兴业银行,卖出,150000,2146500,32,14.31,14.31,14.31,14.18,14.16,0.2086,50000,1019705833,14.31,上交所A,71919948,10000000,缺省组合,200000,14.34,14.02,4,罗韵峰,股票资产,0.8547,0.2105,0.9289,200000,1,缺省单元,人民币,24978,可交易,1,N/A,75,白仲光-基金经理,人民币,2146500,无, , ,1.5470,,,交易所业务
2012-12-12,3,德邦佰睿吉1号,002587,奥拓电子,买入,18990,226490,9,11.92680358,11.9,11.95,11.78,11.92,0.5458,620490,40973803.7,11.92680358,深交所A,3479520,30000000,缺省组合,18990,12.08,11.55,4,罗韵峰,股票资产,0.5907,0.5528,-1.2832,19000,2,缺省单元,人民币,210301,可交易,77010500,N/A,3.157107232,余鹏举,人民币,226490,无, , ,0.6093,,,交易所业务
2012-12-13,1,德邦优化配置,600111,包钢稀土,买入,100000,3232143,62,32.32143,32.16,32.45,32.25,31.89,0.4066,100000,793063567,32.32143,上交所A,24594545,10000000,缺省组合,100000,32.76,31.86,10,罗韵峰,股票资产,-2.6557,0.4076,-0.2354,100000,1,缺省单元,人民币,24978,可交易,1,N/A,0,白仲光-基金经理,人民币,3232143,无, , ,2.3628,,,交易所业务
2012-12-13,1,德邦优化配置,600259,广晟有色,买入,100000,3904010,25,39.0401,39,39.2,39.04,38.41,3.0234,100000,129128751,39.0401,上交所A,3307520,10000000,缺省组合,100000,39.9,38.36,12,罗韵峰,股票资产,-3.0295,3.0233,0.0023,100000,1,缺省单元,人民币,24978,可交易,1,N/A,0,白仲光-基金经理,人民币,3904010,无, , ,2.8540,,,交易所业务
2012-12-13,1,德邦优化配置,600884,杉杉股份,买入,50000,435000,10,8.7,8.7,8.7,8.83,8.81,1.0841,449956,4.07E+07,8.7,上交所A,4612242,10000000,缺省组合,200000,9,8.7,3,罗韵峰,股票资产,-2.7594,1.0687,1.4164,200000,1,缺省单元,人民币,24978,可交易,1,N/A,12.50137515,白仲光-基金经理,人民币,435000,无, , ,0.3180,,,交易所业务
2012-12-13,1,德邦优化配置,002672,东江环保,买入,20000,1049951,14,52.49755,52.48,52.5,52.35,52.5,8.985,93000,11653688.61,52.49755,深交所A,222594,10000000,缺省组合,20000,53.2,51.7,4,罗韵峰,股票资产,-0.9247,9.0096,-0.2741,20000,1,缺省单元,人民币,391852,可交易,1,N/A,27.39726027,白仲光-基金经理,人民币,1049951,无, , ,0.7676,,,交易所业务
2012-12-13,3,德邦佰睿吉1号,002587,奥拓电子,买入,10000,117000,4,11.7,11.7,11.7,11.64,11.39,0.2392,630490,48677425.27,11.7,深交所A,4180548,30000000,缺省组合,10000,11.85,11.38,1,罗韵峰,股票资产,-4.4463,0.2404,-0.4827,10000,2,缺省单元,人民币,210301,可交易,77010500,N/A,1.611629519,余鹏举,人民币,117000,无, , ,0.3211,,,交易所业务
2012-12-14,1,德邦优化配置,122883,10楚雄债,债券卖出,50000,4890038.6,95,97.800772,97.8,97.85,97.83,97.83,38.4408,0,12725341,98.76690899,上交所A,130070,10000000,缺省组合,50000,97.95,97.79,42,罗韵峰,债券资产,-0.0204,38.4276,-0.0345,50000,1,缺省单元,人民币,24978,可交易,1,N/A,100,白仲光-基金经理,人民币,4890038.6,无, , ,3.4803,,,交易所业务
2012-12-14,1,德邦优化配置,600036,招商银行,卖出,199935,2243270.7,11,11.22,11.22,11.22,11.42,11.7,0.1212,0,1884483350,11.22,上交所A,165003971,10000000,缺省组合,199935,11.75,10.92,1,罗韵峰,股票资产,7.6357,0.119,-1.7582,199935,1,缺省单元,人民币,24978,可交易,1,N/A,100,白仲光-基金经理,人民币,2243270.7,无, , ,1.5966,,,交易所业务
2012-12-14,1,德邦优化配置,601166,兴业银行,卖出,50000,715000,1,14.3,14.3,14.3,14.68,15.2,0.0293,0,2504201884,14.3,上交所A,170600782,10000000,缺省组合,50000,15.32,13.92,1,罗韵峰,股票资产,9.117,0.0286,-2.5799,50000,1,缺省单元,人民币,24978,可交易,1,N/A,100,白仲光-基金经理,人民币,715000,无, , ,0.5089,,,交易所业务
2012-12-14,1,德邦优化配置,601877,正泰电器,卖出,139382,2325219.85,99,16.68235389,16.65,16.75,16.99,17.18,4.5078,0,52548560,16.68235389,上交所A,3092022,10000000,缺省组合,139382,17.2,16.55,28,罗韵峰,股票资产,2.9359,4.4249,-1.8388,139382,1,缺省单元,人民币,24978,可交易,1,N/A,100,白仲光-基金经理,人民币,2325219.85,无, , ,1.6549,,,交易所业务
2012-12-17,1,德邦优化配置,601718,际华集团,买入,1000000,2940000,57,2.94,2.94,2.94,2.94,2.95,5.636,1872567,52231006,2.94,上交所A,17743188,10000000,缺省组合,1000000,2.96,2.92,11,罗韵峰,股票资产,0.3401,5.6288,0.1257,1000000,1,缺省单元,人民币,24978,可交易,1,N/A,114.60438,白仲光-基金经理,人民币,2940000,无, , ,2.1341,,,交易所业务
2012-12-17,1,德邦优化配置,601766,中国南车,买入,200000,994000,2,4.97,4.97,4.97,4.99,4.96,0.297,1344987,335773634,4.97,上交所A,67329967,10000000,缺省组合,200000,5.08,4.92,1,罗韵峰,股票资产,-1.5873,0.296,0.3409,200000,1,缺省单元,人民币,24978,可交易,1,N/A,17.46744723,白仲光-基金经理,人民币,994000,无, , ,0.7215,,,交易所业务
2012-12-17,1,德邦优化配置,601989,中国重工,买入,1000000,4360000,152,4.36,4.36,4.36,4.37,4.35,2.4516,1000000,178221724,4.36,上交所A,40789617,10000000,缺省组合,1000000,4.42,4.32,5,罗韵峰,股票资产,0.2304,2.4464,0.2128,1000000,1,缺省单元,人民币,24978,可交易,1,N/A,0,白仲光-基金经理,人民币,4360000,无, , ,3.1649,,,交易所业务
2012-12-17,1,德邦优化配置,002672,东江环保,买入,7000,366800,10,52.4,52.4,52.4,52.87,52.3,1.2165,100000,30424619.75,52.4,深交所A,575442,10000000,缺省组合,7000,54.29,52.25,7,罗韵峰,股票资产,-2.9865,1.2056,0.8922,7000,1,缺省单元,人民币,391852,可交易,1,N/A,7.52688172,白仲光-基金经理,人民币,366800,无, , ,0.2663,,,交易所业务
2012-12-18,3,德邦佰睿吉1号,601166,兴业银行,卖出,500000,7654832.02,21,15.30966404,15.3,15.32,15.44,15.33,0.4423,0,1745852822,15.30966404,上交所A,113038006,30000000,缺省组合,500000,15.68,15.16,6,罗韵峰,股票资产,0.1961,0.4385,-0.8747,500000,2,缺省单元,人民币,22420,可交易,77010500,N/A,100,余鹏举,人民币,7654832.02,无, , ,19.5690,,,交易所业务
2012-12-18,3,德邦佰睿吉1号,002587,奥拓电子,买入,369650,4625672.9,231,12.51365589,12.39,12.6,12.58,12.83,6.4409,1000140,72219547.95,12.51365589,深交所A,5739128,30000000,缺省组合,669650,12.96,12.18,131,罗韵峰,股票资产,5.5967,6.405,0.5563,669650,2,缺省单元,人民币,210301,可交易,77010500,N/A,58.62900284,余鹏举,人民币,4625672.9,无, , ,11.8252,,,交易所业务
2012-12-19,1,德邦优化配置,600111,包钢稀土,卖出,100000,3585251.9,125,35.852519,35.85,35.86,36.21,35.79,0.1427,0,2537544719,35.852519,上交所A,70077875,10000000,缺省组合,100000,36.95,35.7,8,罗韵峰,股票资产,-1.0506,0.1413,-0.9884,100000,1,缺省单元,人民币,24978,可交易,1,N/A,100,白仲光-基金经理,人民币,3585251.9,无, , ,2.6737,,,交易所业务
2012-12-19,1,德邦优化配置,600259,广晟有色,卖出,100000,4926019.81,101,49.2601981,49.01,49.58,49.54,49.22,0.5681,0,872101209,49.2601981,上交所A,17602447,10000000,缺省组合,100000,51.28,47.06,42,罗韵峰,股票资产,3.5121,0.5648,-0.5734,100000,1,缺省单元,人民币,24978,可交易,1,N/A,100,白仲光-基金经理,人民币,4926019.81,无, , ,3.6735,,,交易所业务
2012-12-19,1,德邦优化配置,600309,烟台万华,卖出,150000,2160000,32,14.4,14.4,14.4,14.3,14.4,1.6903,0,126860221,14.4,上交所A,8874059,10000000,缺省组合,150000,14.44,14.11,2,罗韵峰,股票资产,-0.277,1.7027,0.7303,150000,1,缺省单元,人民币,24978,可交易,1,N/A,100,白仲光-基金经理,人民币,2160000,无, , ,1.6108,,,交易所业务
2012-12-19,1,德邦优化配置,000039,中集集团,卖出,216458,2329705.25,77,10.76285122,10.75,10.8,10.76,10.7,1.6204,0,143786100,10.76285122,深交所A,13358427,10000000,缺省组合,216458,10.89,10.66,1,罗韵峰,股票资产,-1.7447,1.6203,-0.0074,216458,1,缺省单元,人民币,391852,可交易,1,N/A,100,白仲光-基金经理,人民币,2329705.25,无, , ,1.7374,,,交易所业务
2012-12-19,1,德邦优化配置,000755,山西三维,卖出,299943,1495118.23,95,4.984674521,4.97,5,4.99,4.97,9.4476,0,15840019.43,4.984674521,深交所A,3174808,10000000,缺省组合,299943,5.04,4.95,7,罗韵峰,股票资产,0,9.4389,-0.0922,299943,1,缺省单元,人民币,391852,可交易,1,N/A,100,白仲光-基金经理,人民币,1495118.23,无, , ,1.1150,,,交易所业务
2012-12-19,1,德邦优化配置,300145,南方泵业,卖出,11601,220143.95,8,18.97629084,18.95,19.09,18.98,18.95,0.8261,477082,26656464.38,18.97629084,深交所A,1404353,10000000,缺省组合,54500,19.29,18.61,30,罗韵峰,股票资产,0.6908,0.8259,-0.0263,100000,1,缺省单元,人民币,391852,可交易,1,N/A,2.373931567,白仲光-基金经理,人民币,220143.95,无, , ,0.1642,,,交易所业务
2012-12-19,3,德邦佰睿吉1号,002571,德力股份,买入,12990,201119.3,3,15.4826251,15.47,15.49,15.55,15.6,4.1087,500825,4914868.62,15.4826251,深交所A,316162,30000000,缺省组合,12990,15.72,15.4,3,罗韵峰,股票资产,0.0641,4.0921,0.404,13000,2,缺省单元,人民币,210301,可交易,77010500,N/A,2.662785573,余鹏举,人民币,201119.3,无, , ,0.5165,,,交易所业务
2012-12-19,3,德邦佰睿吉1号,002587,奥拓电子,买入,114600,1431482,65,12.49111693,12.41,12.5,12.73,12.5,2.1868,1114740,66711873.29,12.49111693,深交所A,5240632,30000000,缺省组合,200000,13.12,12.3,58,罗韵峰,股票资产,-2.5721,2.1458,1.8744,200000,2,缺省单元,人民币,210301,可交易,77010500,N/A,11.45839582,余鹏举,人民币,1431482,无, , ,3.6766,,,交易所业务
2012-12-20,1,德邦优化配置,601989,中国重工,买入,300000,1329000,35,4.43,4.43,4.43,4.45,4.43,0.579,1300000,230346647,4.43,上交所A,51817925,10000000,缺省组合,300000,4.53,4.38,6,罗韵峰,股票资产,-1.3363,0.577,0.3442,300000,1,缺省单元,人民币,24978,可交易,1,N/A,30,白仲光-基金经理,人民币,1329000,无, , ,0.9901,,,交易所业务
2012-12-20,1,德邦优化配置,300145,南方泵业,卖出,149972,2921884.1,165,19.48286413,19.3,19.78,19.05,19.35,4.409,327110,64783341.13,19.48286413,深交所A,3401464,10000000,缺省组合,149972,19.78,18.3,133,罗韵峰,股票资产,2.1108,4.5102,2.2955,149972,1,缺省单元,人民币,391852,可交易,1,N/A,31.43526689,白仲光-基金经理,人民币,2921884.1,无, , ,2.1769,,,交易所业务
2012-12-20,3,德邦佰睿吉1号,002587,奥拓电子,买入,56500,703467.91,68,12.45075947,12.36,12.5,12.57,12.75,2.4868,1171240,28569659.06,12.45075947,深交所A,2272036,30000000,缺省组合,60600,12.77,12.3,46,罗韵峰,股票资产,2,2.4623,0.9837,250000,2,缺省单元,人民币,210301,可交易,77010500,N/A,5.068446454,余鹏举,人民币,703467.91,无, , ,1.7623,,,交易所业务
2012-12-21,1,德邦优化配置,600418,江淮汽车,卖出,349988,2216680.99,142,6.333591409,6.25,6.39,6.37,6.33,2.2049,0,1.01E+08,6.333591409,上交所A,15873478,10000000,缺省组合,349988,6.49,6.23,136,罗韵峰,股票资产,1.6051,2.1918,-0.5933,349988,1,缺省单元,人民币,24978,可交易,1,N/A,100,白仲光-基金经理,人民币,2216680.99,无, , ,1.6730,,,交易所业务
2012-12-21,1,德邦优化配置,000402,金 融 街,卖出,450000,2746264.8,139,6.102810667,6.1,6.12,6.09,6.06,1.5184,0,180502731.1,6.102810667,深交所A,29636248,10000000,缺省组合,450000,6.17,6.03,101,罗韵峰,股票资产,-0.6557,1.5215,0.2003,450000,1,缺省单元,人民币,391852,可交易,1,N/A,100,白仲光-基金经理,人民币,2746264.8,无, , ,2.0726,,,交易所业务
2012-12-21,1,德邦优化配置,000550,江铃汽车,卖出,180000,3060095.3,153,17.00052944,16.9,17.11,17.01,16.63,6.456,0,47415100.28,17.00052944,深交所A,2788085,10000000,缺省组合,180000,17.3,16.6,169,罗韵峰,股票资产,-1.5394,6.4538,-0.0341,180000,1,缺省单元,人民币,391852,可交易,1,N/A,100,白仲光-基金经理,人民币,3060095.3,无, , ,2.3095,,,交易所业务
2012-12-21,1,德邦优化配置,002024,苏宁电器,卖出,500000,3260319.5,92,6.520639,6.5,6.54,6.46,6.43,1.0191,226400,316967190.3,6.520639,深交所A,49060590,10000000,缺省组合,500000,6.56,6.39,53,罗韵峰,股票资产,-0.6182,1.0286,0.9271,500000,1,缺省单元,人民币,391852,可交易,1,N/A,68.83259912,白仲光-基金经理,人民币,3260319.5,无, , ,2.4606,,,交易所业务
2012-12-21,3,德邦佰睿吉1号,002587,奥拓电子,买入,88140,1109120,46,12.58361697,12.5,12.6,12.78,13.14,3.3717,1259380,33397556.01,12.58361697,深交所A,2614139,30000000,缺省组合,100140,13.17,12.5,41,罗韵峰,股票资产,3.0588,3.321,1.5036,200000,2,缺省单元,人民币,210301,可交易,77010500,N/A,7.525357741,余鹏举,人民币,1109120,无, , ,2.6814,,,交易所业务
2012-12-25,1,德邦优化配置,600426,华鲁恒升,卖出,399949,2960301.82,73,7.401698267,7.4,7.41,7.41,7.42,2.0908,0,141683183,7.401698267,上交所A,19129073,10000000,缺省组合,399949,7.57,7.17,82,罗韵峰,股票资产,2.7701,2.0894,-0.0675,399949,1,缺省单元,人民币,24978,可交易,1,N/A,100,白仲光-基金经理,人民币,2960301.82,无, , ,2.2131,,,交易所业务
2012-12-25,1,德邦优化配置,002024,苏宁电器,卖出,226400,1471600,7,6.5,6.5,6.5,6.58,6.65,0.2477,0,601972002.9,6.5,深交所A,91417175,10000000,缺省组合,226400,6.74,6.37,1,罗韵峰,股票资产,3.7441,0.2445,-1.2893,226400,1,缺省单元,人民币,391852,可交易,1,N/A,100,白仲光-基金经理,人民币,1471600,无, , ,1.1001,,,交易所业务
2012-12-25,1,德邦优化配置,002672,东江环保,卖出,10000,600227,10,60.0227,60,60.04,59.43,59.98,0.5755,90000,103267308.4,60.0227,深交所A,1737488,10000000,缺省组合,10000,61.99,56.51,3,罗韵峰,股票资产,5.5428,0.5812,0.9892,10000,1,缺省单元,人民币,391852,可交易,1,N/A,10,白仲光-基金经理,人民币,600227,无, , ,0.4487,,,交易所业务
2012-12-25,1,德邦优化配置,300145,南方泵业,卖出,12661,243139.2,2,19.20379117,19.2,19.24,19.09,19.2,0.4403,314449,54895245.67,19.20379117,深交所A,2875598,10000000,缺省组合,62661,19.55,18.7,18,罗韵峰,股票资产,1.0526,0.4429,0.5961,62661,1,缺省单元,人民币,391852,可交易,1,N/A,3.870563419,白仲光-基金经理,人民币,243139.2,无, , ,0.1818,,,交易所业务
2012-12-25,3,德邦佰睿吉1号,002690,美亚光电,卖出,251917,6192389.53,140,24.58107047,24.5,24.8,24.47,24.85,5.2936,100000,116440250.2,24.58107047,深交所A,4758860,30000000,缺省组合,251917,25,23.9,91,罗韵峰,股票资产,1.4286,5.3181,0.4618,251917,2,缺省单元,人民币,210301,可交易,77010500,N/A,71.58420878,余鹏举,人民币,6192389.53,无, , ,14.7884,,,交易所业务
2012-12-26,1,德邦优化配置,113003,重工转债,债券卖出,30000,3132810.9,12,104.42703,104.4,104.56,104.15,104.6,1.9396,0,161096406,104.42703,上交所A,1546730,10000000,缺省组合,30000,104.77,103.8,9,罗韵峰,债券资产,0.23,1.9447,0.2632,30000,1,缺省单元,人民币,24978,可交易,1,N/A,100,白仲光-基金经理,人民币,3132810.9,无, , ,2.3468,,,交易所业务
2012-12-26,1,德邦优化配置,122890,10凯迪债,债券卖出,30000,2874623,26,95.82076667,95.81,95.86,95.83,95.79,39.9574,0,7195276,97.9334242,上交所A,75080,10000000,缺省组合,30000,95.91,95.78,12,罗韵峰,债券资产,-0.1459,39.9515,-0.0146,30000,1,缺省单元,人民币,24978,可交易,1,N/A,100,白仲光-基金经理,人民币,2874623,无, , ,2.1534,,,交易所业务
2012-12-26,1,德邦优化配置,204007,   GC007,融券回购,300000,30000000,6,8,8,8,100,7.395,0.2867,0,10464700000,8,上交所A,104647000,10000000,缺省组合,300000,8.5,6,3,罗韵峰,非资产,2.7083,0.2867,92,300000,1,缺省单元,人民币,24978,可交易,1,N/A,0,白仲光-基金经理,人民币,30000000,无, , ,22.4735,,,交易所业务
2012-12-26,1,德邦优化配置,002672,东江环保,卖出,19950,1221925,11,61.24937343,61,61.5,60.51,61.06,1.5035,70050,80295378.11,61.24937343,深交所A,1326869,10000000,缺省组合,30000,61.55,59.4,4,罗韵峰,股票资产,1.8006,1.5218,1.2138,30000,1,缺省单元,人民币,391852,可交易,1,N/A,22.16666667,白仲光-基金经理,人民币,1221925,无, , ,0.9154,,,交易所业务
2012-12-26,1,德邦优化配置,300145,南方泵业,卖出,129000,2487521.98,107,19.28311612,19.2,19.51,19.26,19.47,7.083,185449,35084728.75,19.28311612,深交所A,1821268,10000000,缺省组合,150000,19.55,18.95,110,罗韵峰,股票资产,1.4062,7.09,0.0997,150000,1,缺省单元,人民币,391852,可交易,1,N/A,41.02414064,白仲光-基金经理,人民币,2487521.98,无, , ,1.8634,,,交易所业务
2012-12-26,3,德邦佰睿吉1号,600837,海通证券,买入,500000,4881786.56,44,9.76357312,9.74,9.79,9.78,9.77,1.0501,500000,465772718,9.76357312,上交所A,47612986,30000000,缺省组合,500000,9.93,9.66,4,罗韵峰,股票资产,-0.6104,1.0481,0.1932,500000,2,缺省单元,人民币,22420,可交易,77010500,N/A,0,余鹏举,人民币,4881786.56,无, , ,11.5886,,,交易所业务
2012-12-28,1,德邦优化配置,600292,九龙电力,卖出,100000,1192723.1,28,11.927231,11.9,11.95,11.84,12.09,2.6654,301200,44429243,11.927231,上交所A,3751754,10000000,缺省组合,100000,12.11,11.59,22,罗韵峰,股票资产,3.4217,2.6845,0.7169,100000,1,缺省单元,人民币,24978,可交易,1,N/A,24.92522433,白仲光-基金经理,人民币,1192723.1,无, , ,0.8983,,,交易所业务
2012-12-28,3,德邦佰睿吉1号,002587,奥拓电子,卖出,259380,3371940,14,13,13,13,13.03,13.06,9.1442,1000000,36952298.22,13,深交所A,2836551,30000000,缺省组合,279380,13.26,12.87,16,罗韵峰,股票资产,-0.3053,9.1251,-0.2088,1018760,2,缺省单元,人民币,210301,可交易,77010500,N/A,20.59584875,余鹏举,人民币,3371940,无, , ,8.0113,,,交易所业务
,,,,,,30193878,721879104.8,,,,,,,,,2.43433E+11,,,5046642859,,,33707483,,,,,,,,,33984162,,,,,,,,,,,721879104.8,,,,,,,
